{
  "metadata": {
    "timestamp": "2026-02-12T21:49:34.108998",
    "T_ambient_C": 40.0,
    "solver_version": "2.0.0-htgr-only",
    "heat_rejection_mode": "fixed_boundary",
    "assumption_mode": "htgr_only",
    "headline_fom_mode": "htgr_only",
    "energy_closure_tolerance_rel": 0.005
  },
  "status": {
    "converged": true,
    "feasible": true,
    "iterations": 48,
    "residual_norm": 0.0820177123295025,
    "solve_time_seconds": 124.72167491912842,
    "energy_closure_rel": 0.0037740406943388284,
    "cycle_solver_status": "CONVERGED"
  },
  "power_MW": {
    "W_gross": 9.824888812415308,
    "W_cooling_aux": 0.09824888812415307,
    "W_aux_other": 0.09824888812415307,
    "W_net": 9.628391036167,
    "W_turbine": 22.67318264874899,
    "W_MC": 6.108124476530749,
    "W_RC": 6.740169359802933
  },
  "heat_duties_MW": {
    "Q_thermal": 30.0,
    "Q_IHX": 29.94111085370483,
    "Q_reject": 20.06188996675453,
    "Q_HTR": 11.497311184258873,
    "Q_LTR": 25.64179845433136
  },
  "temperatures_C": {
    "T_1_compressor_inlet": 50.0,
    "T_5_turbine_inlet": 519.9911340328554,
    "T_He_return": 395.9231765106281,
    "T_ambient": 40.0
  },
  "pressures_MPa": {
    "P_high": 25.0,
    "P_low": 8.0
  },
  "mass_flows_kg_s": {
    "m_dot_CO2": 162.54873284165768,
    "m_dot_He": 12.701526002690256,
    "m_dot_air": 0.0
  },
  "recompression": {
    "f_recomp": 0.35,
    "m_dot_MC": 105.6566763470775,
    "m_dot_RC": 56.89205649458018
  },
  "efficiencies": {
    "eta_thermal": 0.3284682201946865,
    "eta_thermal_percent": 32.846822019468654,
    "eta_net": 0.32094636787223335,
    "eta_net_percent": 32.09463678722334
  },
  "cooling": {
    "heat_rejection_mode": "fixed_boundary",
    "W_cooling_aux_MW": 0.09824888812415307,
    "dP_air_Pa": 0.0,
    "m_dot_air_kg_s": 0.0,
    "assumption_mode": "htgr_only",
    "description": "HTGR headline mode using cooling boundary assumptions",
    "cooling_aux_fraction_assumed": 0.01
  },
  "pinch_temperatures_K": {
    "IHX": 23.36618723673314,
    "HTR": 10.984658358569163,
    "LTR": 13.02074989119103,
    "cooler": null
  },
  "diagnostic_breakdown": {
    "Q_thermal": 30000000.0,
    "Q_IHX": 29941110.853704832,
    "Q_reject_cycle": 20061889.96675453,
    "W_gross": 9824888.812415307,
    "W_cooling_aux": 98248.88812415308,
    "W_aux_other": 98248.88812415308,
    "W_net": 9628391.036167001,
    "energy_residual": 0.0037740406943388284,
    "cooling_Q_model": 20061889.96675453,
    "cooling_Q_error_rel": 0.0
  },
  "margins": {
    "T_crit_margin": 19.019999999999982,
    "P_crit_margin": 623000.0,
    "T_TIT_margin": 280.00886596714474,
    "pinch_HTR_min": 0.9846583585691633,
    "pinch_LTR_min": 3.0207498911910307,
    "W_gross": 9824888.812415307,
    "energy_residual": 0.0037740406943388284,
    "energy_residual_margin": 0.0041825068331648165,
    "pinch_IHX_min": 13.36618723673314,
    "cooling_closure": 1.0,
    "cooling_assumed_aux_MW": 0.09824888812415307,
    "T_He_return": 0.9231765106280818,
    "W_net": 9628391.036167001,
    "energy_closure": 0.0012259593056611717
  },
  "cycle_states_C": {
    "T_1": 50.0,
    "T_2": 145.02819087777846,
    "T_2a": 314.5389310589986,
    "T_3": 316.65761844858025,
    "T_4": 372.55698927389494,
    "T_5": 519.9911340328554,
    "T_6": 389.2288787914199,
    "T_6a": 327.55968095018966,
    "T_7": 188.2342831345661,
    "T_9": 320.6991857874
  }
}