{
  "metadata": {
    "timestamp": "2026-02-12T21:49:34.110541",
    "description": "HTGR-only CO2 reduction analysis with explicit boundary assumptions",
    "co2_boundary_mode": "operational_only",
    "allow_grid_export": false,
    "enforce_htse_heat_constraint": true,
    "scenario_name": "headline_htgr_only"
  },
  "plant_inputs": {
    "Q_thermal_MW": 30.0,
    "W_net_MW": 9.628391036167,
    "W_fan_MW": 0.09824888812415307,
    "Q_waste_available_MW": 20.06188996675453,
    "T_waste_C": 188.2342831345661
  },
  "allocation": {
    "W_to_HTSE_MW": 2.859337391077227,
    "W_to_DAC_MW": 1.906224927384818,
    "Q_to_DAC_MW": 10.030944983377266,
    "Q_to_HTSE_MW": 0.4956184811200527,
    "W_to_grid_MW": 0.0,
    "Q_to_cooler_MW": 9.535326502257213,
    "optimization_converged": true
  },
  "production_rates": {
    "H2_produced_kg_s": 0.02118027697094242,
    "H2_produced_t_yr": 601.5588376843913,
    "CO2_captured_DAC_kg_s": 1.5922134894249627,
    "CO2_captured_DAC_t_yr": 45221.79277248949,
    "MeOH_produced_kg_s": 0.10957263286300879,
    "MeOH_produced_t_yr": 3112.064386953918
  },
  "co2_balance_t_yr": {
    "avoided_grid_displacement": 0.0,
    "captured_DAC": 45221.79277248949,
    "embodied_in_products": 311.2064386953918,
    "NET_REDUCTION": 45221.79277248949
  },
  "figures_of_merit": {
    "CO2_reduction_t_per_MWth_per_yr": 1507.3930924163164,
    "specific_CO2_reduction_kg_per_kWh_th": 0.19119648559314006,
    "co2_boundary_mode": "operational_only",
    "description": "Primary FOM: tonnes CO2 reduced per year per MW thermal input"
  },
  "cooling_auxiliary": {
    "cooling_aux_power_MW": 0.09824888812415307,
    "heat_rejected_MW": 20.06188996675453,
    "cooling_aux_percent_of_rejected_heat": 0.4897289751213159
  },
  "scenario_metadata": {
    "scenario_name": "headline_htgr_only",
    "co2_boundary_mode": "operational_only",
    "allow_grid_export": false,
    "grid_CO2_intensity_g_per_kWh": 400.0,
    "enforce_htse_heat_constraint": true,
    "heat_margin_W": 9535326.502257213,
    "elec_margin_W": 4765562.318462045
  }
}