scenario_id,energy_closure_margin,pinch_IHX_margin_K,pinch_HTR_margin_K,pinch_LTR_margin_K,W_net_W,T_He_return_margin_K
S0_BASE_30MW_OPONLY,0.001225959305665642,13.36618723673348,0.9846583585687085,3.020749891191599,9628391.03616694,0.9231765106284229
S1_36MW_OPONLY,0.001083606822230957,16.236582599366784,0.9375724766975964,3.01638109892167,11464170.816185478,0.8792098222038476
S2_30MW_FUELDISP,0.001225959305665642,13.36618723673348,0.9846583585687085,3.020749891191599,9628391.03616694,0.9231765106284229
S3_36MW_FUELDISP,0.001083606822230957,16.236582599366784,0.9375724766975964,3.01638109892167,11464170.816185478,0.8792098222038476
