{
  "seed": 20260301,
  "samples": 40,
  "mean": 1004.9159760663409,
  "std": 203.73467424028766,
  "p10": 892.219586161483,
  "p50": 1007.9019513075856,
  "p90": 1220.1263985655455,
  "ci95_low": 690.1633277954511,
  "ci95_high": 1238.5471090014762
}