{
  "seed": 20260301,
  "samples": 12,
  "mean": 1011.1473305708009,
  "std": 324.7427985664389,
  "p10": 960.7274847097513,
  "p50": 1060.6912391861297,
  "p90": 1237.8697414934218,
  "ci95_low": 264.1958674952517,
  "ci95_high": 1243.9264479870671
}